City_ID,City,Country,Lat,Lng,Max Temp,Humidity,Cloudiness,Wind Speed,Weather Description
0,Luzhou,CN,28.8724,105.4405,80.91,74,81,2.06,broken clouds
1,Airai,TL,-8.9266,125.4092,73.8,64,41,1.28,scattered clouds
2,Mae Sai,TH,20.4335,99.8762,73.71,99,100,1.07,overcast clouds
3,Port Elizabeth,ZA,-33.918,25.5701,55.31,97,0,3.44,clear sky
4,Shingu,JP,33.7333,135.9833,78.03,59,33,4.85,scattered clouds
5,Castro,BR,-24.7911,-50.0119,56.19,94,0,1.92,clear sky
6,Kota Bahru,MY,6.1333,102.2386,78.75,83,20,1.14,moderate rain
7,Grimshaw,CA,56.1834,-117.6027,65.82,42,20,9.22,few clouds
8,Avarua,CK,-21.2078,-159.775,75.25,57,75,11.5,broken clouds
9,Saint-Philippe,RE,-21.3585,55.7679,69.39,72,54,10.92,broken clouds
10,Northam,GB,51.0333,-4.2167,58.39,93,100,12.84,overcast clouds
11,Mataura,NZ,-46.1927,168.8643,56.75,51,30,2.91,scattered clouds
12,New Norfolk,AU,-42.7826,147.0587,61.72,33,64,7.83,broken clouds
13,Port Alfred,ZA,-33.5906,26.891,61.12,82,88,3.18,overcast clouds
14,Souillac,MU,-20.5167,57.5167,70.18,60,40,9.22,scattered clouds
15,Kodiak,US,57.79,-152.4072,51.31,82,75,3.44,broken clouds
16,Provideniya,RU,64.3833,-173.3,39.63,73,85,14.61,overcast clouds
17,Torbay,CA,47.6666,-52.7314,55.27,90,75,14.97,broken clouds
18,Pershotravneve,UA,51.3929,28.8684,53.37,97,100,6.78,light rain
19,Saint-Leu,RE,-21.15,55.2833,68.86,72,56,6.53,broken clouds
20,San Patricio,US,28.017,-97.5169,77.85,46,0,9.24,clear sky
21,Hobart,AU,-42.8794,147.3294,62.06,52,75,16.11,broken clouds
22,Atuona,PF,-9.8,-139.0333,77.02,74,3,18.05,clear sky
23,Aklavik,CA,68.2191,-135.0107,31.1,92,100,14.83,overcast clouds
24,Griffith,US,41.5284,-87.4237,60.66,78,0,17.27,clear sky
25,Kapaa,US,22.0752,-159.319,84.52,69,20,12.66,few clouds
26,Dicabisagan,PH,17.0818,122.4157,82.85,78,99,6.44,overcast clouds
27,Rikitea,PF,-23.1203,-134.9692,73.54,73,0,13.47,clear sky
28,Esperance,AU,-33.8667,121.9,57.92,70,100,17.78,light rain
29,Inuvik,CA,68.3499,-133.7218,31.06,93,100,13.8,overcast clouds
30,Tasiilaq,GL,65.6145,-37.6368,36.7,99,100,5.5,moderate rain
31,Christchurch,NZ,-43.5333,172.6333,54.32,58,75,12.66,broken clouds
32,Ribeira Grande,PT,38.5167,-28.7,71.98,89,99,26.13,light rain
33,East London,ZA,-33.0153,27.9116,64.08,80,49,4.97,scattered clouds
34,Ochamchira,GE,42.7121,41.4721,63.63,63,14,4.27,few clouds
35,Ushuaia,AR,-54.8,-68.3,40.66,60,20,21.85,few clouds
36,Emba,KZ,48.8264,58.1442,46.47,22,99,10.36,overcast clouds
37,Japura,ID,-0.3167,102.35,76.19,93,99,2.13,light rain
38,Dikson,RU,73.5069,80.5464,33.22,98,100,13.0,light snow
39,Adrar,MR,20.5022,-10.0711,78.26,24,2,8.66,clear sky
40,Geraldton,AU,-28.7667,114.6,68.41,49,6,10.36,clear sky
41,Oliver,CA,49.1831,-119.5524,71.51,53,0,4.61,clear sky
42,Punta Arenas,CL,-53.15,-70.9167,41.11,65,0,8.05,clear sky
43,Bathsheba,BB,13.2167,-59.5167,83.01,78,20,13.8,few clouds
44,Traverse City,US,44.7631,-85.6206,60.87,70,0,10.36,clear sky
45,Paamiut,GL,61.994,-49.6678,37.08,65,100,3.62,overcast clouds
46,Khatanga,RU,71.9667,102.5,21.69,96,100,11.05,overcast clouds
47,Nantucket,US,41.2835,-70.0995,61.14,95,100,29.46,light rain
48,Katsuura,JP,35.1333,140.3,77.2,57,66,11.43,broken clouds
49,Hermanus,ZA,-34.4187,19.2345,55.2,82,17,9.84,few clouds
50,Bredasdorp,ZA,-34.5322,20.0403,50.68,90,34,3.85,scattered clouds
51,Tiksi,RU,71.6872,128.8694,21.27,86,100,15.73,overcast clouds
52,Arraial Do Cabo,BR,-22.9661,-42.0278,68.31,86,31,17.25,scattered clouds
53,Longyearbyen,SJ,78.2186,15.6401,35.44,93,75,0.0,broken clouds
54,Kruisfontein,ZA,-34.0033,24.7314,53.65,88,47,4.63,scattered clouds
55,Tuktoyaktuk,CA,69.4541,-133.0374,28.4,93,100,16.11,light snow
56,Codrington,AU,-38.2667,141.9667,60.62,72,94,7.49,overcast clouds
57,Hithadhoo,MV,-0.6,73.0833,81.34,70,45,14.52,scattered clouds
58,Fortuna,US,40.5982,-124.1573,64.9,76,79,3.0,broken clouds
59,Yellowknife,CA,62.456,-114.3525,55.92,82,100,17.27,overcast clouds
60,Carnarvon,AU,-24.8667,113.6333,72.28,55,0,11.18,clear sky
61,Cabo San Lucas,MX,22.8909,-109.9124,87.1,65,0,4.61,clear sky
62,Ban Nahin,LA,18.2418,104.2122,79.29,93,100,2.13,light rain
63,Gat,IL,31.61,34.7642,76.41,100,0,1.74,clear sky
64,Tyrma,RU,50.0833,132.1667,41.7,81,100,2.77,overcast clouds
65,Camana,PE,-16.6228,-72.7111,62.17,77,41,9.13,scattered clouds
66,Tezu,IN,27.9167,96.1667,84.97,51,97,1.39,overcast clouds
67,Hami,CN,42.8,93.45,46.0,17,96,2.15,overcast clouds
68,Butaritari,KI,3.0707,172.7902,82.2,75,34,15.35,scattered clouds
69,Ambon,ID,-3.6954,128.1814,84.34,79,20,4.61,few clouds
70,Luderitz,NA,-26.6481,15.1594,57.25,76,0,10.87,clear sky
71,Marawi,PH,7.9986,124.2928,82.87,59,94,1.81,overcast clouds
72,Shetpe,KZ,44.1667,52.1167,64.18,29,98,14.97,overcast clouds
73,Portland,US,45.5234,-122.6762,82.44,44,20,13.8,few clouds
74,Vaini,TO,-21.2,-175.2,78.96,78,40,9.22,scattered clouds
75,Taber,CA,49.8167,-112.1518,62.8,67,5,3.44,clear sky
76,Lavrentiya,RU,65.5833,-171.0,39.09,69,18,13.2,few clouds
77,Norman Wells,CA,65.282,-126.8329,44.64,93,100,21.85,light rain
78,Asau,RO,46.4333,26.4,60.64,74,100,8.88,overcast clouds
79,Camacha,PT,33.0833,-16.3333,67.42,68,20,9.22,few clouds
80,Verkhniye Kigi,RU,55.4083,58.6044,43.52,73,100,3.98,overcast clouds
81,Busselton,AU,-33.65,115.3333,57.07,68,100,16.49,overcast clouds
82,Hasaki,JP,35.7333,140.8333,81.28,59,33,10.42,scattered clouds
83,Faya,SA,18.3851,42.4509,59.11,58,1,1.57,clear sky
84,Orlik,RU,52.5178,99.825,20.26,58,46,3.02,scattered clouds
85,Mopipi,BW,-21.1833,24.8833,66.96,28,0,7.65,clear sky
86,Bluff,NZ,-46.6,168.3333,50.14,62,11,8.37,few clouds
87,Vila Velha,BR,-20.3297,-40.2925,73.35,83,75,4.61,broken clouds
88,Alice Springs,AU,-23.7,133.8833,74.75,23,100,11.5,overcast clouds
89,Troitskoye,RU,52.9821,84.6757,26.74,85,18,4.52,few clouds
90,Vardo,NO,70.3705,31.1107,35.58,93,100,5.75,overcast clouds
91,Port Lincoln,AU,-34.7333,135.8667,65.79,59,100,4.32,overcast clouds
92,Yumen,CN,40.2833,97.2,38.21,20,100,19.98,overcast clouds
93,Greenville,US,35.6127,-77.3663,62.15,94,0,0.0,clear sky
94,Makakilo City,US,21.3469,-158.0858,86.32,61,0,11.5,clear sky
95,Dunedin,NZ,-45.8742,170.5036,47.91,87,100,10.11,overcast clouds
96,Bethel,US,41.3712,-73.414,60.03,70,100,1.99,overcast clouds
97,Araouane,ML,18.9048,-3.5265,82.72,45,100,10.02,overcast clouds
98,Los Llanos De Aridane,ES,28.6585,-17.9182,67.75,80,75,10.36,broken clouds
99,Weymouth,US,42.2209,-70.9398,57.7,82,100,10.36,overcast clouds
100,Jamestown,US,42.097,-79.2353,55.02,61,0,10.36,clear sky
101,Fomboni,KM,-12.28,43.7425,74.77,78,15,7.16,few clouds
102,Vila Franca Do Campo,PT,37.7167,-25.4333,74.19,84,98,11.45,overcast clouds
103,Upernavik,GL,72.7868,-56.1549,20.61,85,14,4.74,few clouds
104,Kavieng,PG,-2.5744,150.7967,84.43,69,24,9.98,few clouds
105,Ust-Tsilma,RU,65.441,52.1498,40.17,95,100,3.62,overcast clouds
106,Albany,US,42.6001,-73.9662,57.87,69,21,7.31,few clouds
107,Nikolskoye,RU,59.7035,30.7861,42.69,93,100,3.02,overcast clouds
108,Jalu,LY,29.0331,21.5482,85.37,23,0,6.64,clear sky
109,Pangkalanbuun,ID,-2.6833,111.6167,86.61,67,43,1.95,scattered clouds
110,Tuatapere,NZ,-46.1333,167.6833,53.38,63,20,1.99,few clouds
111,Itoman,JP,26.1247,127.6694,86.02,66,20,9.22,few clouds
112,Victoria,HK,22.2855,114.1577,91.18,83,15,10.0,few clouds
113,Puerto Ayora,EC,-0.7393,-90.3518,64.54,97,99,4.0,overcast clouds
114,Chuncheng,CN,22.1731,111.7886,83.21,81,49,4.99,light rain
115,Ixtapa,MX,20.7,-105.2,79.23,94,100,5.75,overcast clouds
116,Derzhavinsk,KZ,51.1,66.3167,28.78,52,0,7.54,clear sky
117,Smithers,CA,54.7804,-127.1743,64.72,59,75,2.3,broken clouds
118,Yeppoon,AU,-23.1333,150.7333,76.78,69,98,9.4,overcast clouds
119,Laguna,US,38.421,-121.4238,84.31,57,0,13.8,clear sky
120,Abapo,BO,-18.8333,-63.4667,64.35,63,6,2.75,clear sky
121,Alta,NO,69.9689,23.2717,38.46,80,100,6.91,overcast clouds
122,Coolum Beach,AU,-26.5333,153.1,62.33,90,97,10.22,overcast clouds
123,Capoeiras,BR,-8.7347,-36.6267,58.26,96,10,6.71,clear sky
124,Havoysund,NO,70.9963,24.6622,41.23,73,22,10.76,few clouds
125,Georgetown,MY,5.4112,100.3354,80.89,81,20,3.44,few clouds
126,Mantua,IT,45.1667,10.7833,58.24,87,1,3.0,clear sky
127,Samarai,PG,-10.6167,150.6667,83.28,73,45,12.01,scattered clouds
128,Oriximina,BR,-1.7656,-55.8661,77.56,75,94,2.28,overcast clouds
129,Abnub,EG,27.2696,31.1511,80.82,37,0,10.6,clear sky
130,Takab,IR,36.4009,47.1133,52.34,49,0,4.61,clear sky
131,Srednekolymsk,RU,67.45,153.6833,29.46,72,100,8.66,overcast clouds
132,Kargasok,RU,59.0556,80.8572,28.42,78,75,3.38,broken clouds
133,Cukai,MY,4.25,103.4167,78.75,88,100,5.23,light rain
134,Palmas Bellas,PA,9.2319,-80.0867,77.34,92,100,10.16,overcast clouds
135,Tura,IN,25.5198,90.2201,74.86,96,100,1.74,moderate rain
136,Comodoro Rivadavia,AR,-45.8667,-67.5,48.06,71,0,12.66,clear sky
137,Fairbanks,US,64.8378,-147.7164,49.96,72,100,5.75,overcast clouds
138,Maxixe,MZ,-23.8597,35.3472,68.22,89,3,2.77,clear sky
139,Chuy,UY,-33.6971,-53.4616,53.31,92,94,4.09,overcast clouds
140,Namatanai,PG,-3.6667,152.4333,86.22,62,13,5.46,few clouds
141,Tulun,RU,54.5611,100.5792,31.6,65,100,11.95,overcast clouds
142,Dukat,RU,62.55,155.55,21.63,83,98,4.5,overcast clouds
143,Vila,PT,42.0304,-8.1588,49.08,83,100,2.95,overcast clouds
144,Libertador General San Martin,AR,-23.8064,-64.7876,65.84,58,0,3.98,clear sky
145,Biu,NG,10.6129,12.1946,67.64,94,100,3.62,light rain
146,Pavlovskaya Sloboda,RU,55.8156,37.0828,54.1,79,100,13.8,overcast clouds
147,Roebourne,AU,-20.7833,117.1333,81.81,43,0,7.96,clear sky
148,Mar Del Plata,AR,-38.0023,-57.5575,58.95,80,0,9.22,clear sky
149,Yeniseysk,RU,58.4497,92.1703,32.16,84,98,6.78,overcast clouds
150,Alofi,NU,-19.0595,-169.9187,80.49,61,90,13.8,overcast clouds
151,Clyde River,CA,70.4692,-68.5914,26.83,80,100,10.36,overcast clouds
152,Faanui,PF,-16.4833,-151.75,78.57,66,28,12.37,scattered clouds
153,Kichera,RU,55.9375,110.0997,27.91,70,96,3.49,overcast clouds
154,Maniitsoq,GL,65.4167,-52.9,35.24,74,45,7.36,scattered clouds
155,Bonavista,CA,48.6499,-53.1147,51.71,72,100,15.43,overcast clouds
156,La Ronge,CA,55.1001,-105.2842,57.45,67,40,5.75,scattered clouds
157,Klaksvik,FO,62.2266,-6.589,50.92,85,100,25.08,overcast clouds
158,Prachuap Khiri Khan,TH,12.2167,99.75,82.58,68,100,6.8,overcast clouds
159,Chokurdakh,RU,70.6333,147.9167,25.02,73,100,7.78,overcast clouds
160,Saint George,US,37.1041,-113.5841,86.59,25,0,11.5,clear sky
161,Ahipara,NZ,-35.1667,173.1667,61.66,91,84,11.27,broken clouds
162,Coquimbo,CL,-29.9533,-71.3436,55.13,94,100,2.3,overcast clouds
163,Konya,TR,38.1667,32.5,58.48,37,66,4.92,broken clouds
164,Isangel,VU,-19.55,169.2667,81.5,71,98,1.14,overcast clouds
165,Betare Oya,CM,5.6,14.0833,66.63,97,100,2.75,overcast clouds
166,Uruacu,BR,-14.5247,-49.1408,85.75,36,94,2.89,overcast clouds
167,Majalgaon,IN,19.15,76.2333,75.0,81,53,8.77,broken clouds
168,Kamaishi,JP,39.2667,141.8833,73.4,64,0,7.18,clear sky
169,Mehamn,NO,71.0357,27.8492,37.31,93,75,0.0,broken clouds
170,Kavaratti,IN,10.5669,72.642,81.25,76,68,11.86,broken clouds
171,Bugulma,RU,54.55,52.8,44.96,63,84,7.87,broken clouds
172,Nazareno,MX,25.3833,-103.4167,82.71,32,100,13.13,overcast clouds
173,Lazaro Cardenas,MX,17.9583,-102.2,78.6,84,96,1.41,overcast clouds
174,Valdivia,CL,-39.8142,-73.2459,50.09,88,100,2.95,overcast clouds
175,Khani,GE,41.9563,42.9566,51.37,62,3,6.46,clear sky
176,Poum,NC,-20.2333,164.0167,74.16,62,100,9.53,overcast clouds
177,Cortez,US,37.3489,-108.5859,65.16,55,0,0.0,clear sky
178,Tazovskiy,RU,67.4667,78.7,29.95,70,100,11.01,overcast clouds
179,Itarema,BR,-2.9248,-39.9167,77.72,85,26,16.78,scattered clouds
180,Weihe,CN,32.9952,105.3247,64.56,96,100,2.53,overcast clouds
181,Altay,CN,47.8667,88.1167,31.87,25,4,2.68,clear sky
182,Cape Town,ZA,-33.9258,18.4232,60.39,82,0,3.44,clear sky
183,Shache,CN,38.4167,77.2406,56.71,32,80,8.84,broken clouds
184,Zhigansk,RU,66.7697,123.3711,26.82,71,58,1.72,broken clouds
185,Henties Bay,NA,-22.116,14.2845,55.36,89,4,6.33,clear sky
186,Ostrovnoy,RU,68.0531,39.5131,36.37,87,100,9.55,overcast clouds
187,Xuanzhou,CN,30.9525,118.7553,94.03,46,0,6.15,clear sky
188,Ferrol,ES,43.4832,-8.2369,62.67,94,98,5.39,overcast clouds
189,Charlestown,AU,-32.95,151.6667,65.1,65,14,5.08,few clouds
190,Cockburn Town,TC,21.4612,-71.1419,82.9,78,93,16.35,overcast clouds
191,Terney,RU,45.0503,136.6092,55.65,82,93,4.14,overcast clouds
192,Lebu,CL,-37.6167,-73.65,48.97,90,84,6.13,broken clouds
193,Severo-Kurilsk,RU,50.6789,156.125,46.8,67,61,27.83,broken clouds
194,Sao Filipe,CV,14.8961,-24.4956,77.9,74,23,9.48,few clouds
195,Arari,BR,-3.4536,-44.78,76.15,86,25,4.76,scattered clouds
196,Husavik,IS,66.0449,-17.3389,45.23,97,100,6.91,overcast clouds
197,Pisco,PE,-13.7,-76.2167,60.85,82,0,16.11,clear sky
198,Sorland,NO,67.667,12.6934,49.86,73,94,10.0,overcast clouds
199,Daokou,CN,35.5639,114.5058,71.02,79,85,12.33,overcast clouds
200,Dwarka,IN,22.2394,68.9678,80.78,68,0,10.07,clear sky
201,Sligo,IE,54.2697,-8.4694,50.68,86,51,7.45,broken clouds
202,Saldanha,ZA,-33.0117,17.9442,50.05,77,49,3.04,scattered clouds
203,Aleksandrovsk-Sakhalinskiy,RU,50.8975,142.1561,50.52,62,100,16.46,overcast clouds
204,Coswig,DE,51.1333,13.5833,53.83,88,0,9.22,clear sky
205,Zirandaro,MX,18.45,-100.9833,76.39,90,95,2.86,overcast clouds
206,Sitka,US,57.0531,-135.33,55.29,67,75,10.36,broken clouds
207,Churapcha,RU,62.0025,132.4325,28.6,59,100,6.76,overcast clouds
208,Gimli,CA,50.6336,-96.9907,53.62,82,73,8.05,broken clouds
209,Yulara,AU,-25.2406,130.9889,64.24,82,100,11.5,overcast clouds
210,Hamilton,US,39.1834,-84.5333,64.44,53,0,8.05,clear sky
211,Bandarbeyla,SO,9.4942,50.8122,75.56,82,87,22.15,overcast clouds
212,Sangar,RU,63.9242,127.4739,28.09,67,99,0.96,overcast clouds
213,Talnakh,RU,69.4865,88.3972,27.21,96,100,4.68,overcast clouds
214,Narsaq,GL,60.9167,-46.05,37.62,91,100,5.17,overcast clouds
215,Rundu,NA,-17.9333,19.7667,66.83,21,0,6.55,clear sky
216,Jinxiang,CN,27.4327,120.6062,82.94,70,19,2.53,few clouds
217,Omaruru,NA,-21.4333,15.9333,69.4,24,6,6.69,clear sky
218,Fare,PF,-16.7,-151.0167,78.35,69,73,11.01,broken clouds
219,Constitucion,CL,-35.3333,-72.4167,53.2,86,2,5.59,clear sky
220,Bengkulu,ID,-3.8004,102.2655,79.97,79,100,4.38,light rain
221,Soc Trang,VN,9.6033,105.98,79.68,86,100,3.06,overcast clouds
222,Fuengirola,ES,36.54,-4.6247,66.85,89,20,8.05,few clouds
223,Szprotawa,PL,51.5656,15.5366,51.64,92,59,12.08,broken clouds
224,Bridlington,GB,54.0831,-0.1919,53.53,84,4,15.21,clear sky
225,Mana,GF,5.6592,-53.7767,78.6,89,25,8.37,scattered clouds
226,Barrow,US,71.2906,-156.7887,28.42,74,100,12.66,overcast clouds
227,Laela,TZ,-8.5667,32.05,60.28,71,6,0.98,clear sky
228,Peniche,PT,39.3558,-9.3811,62.11,73,11,14.03,few clouds
229,Beira,MZ,-19.8436,34.8389,66.29,100,20,6.91,few clouds
230,Ancud,CL,-41.8697,-73.8203,44.62,77,100,3.76,overcast clouds
231,Dingle,PH,10.9995,122.6711,85.89,71,100,8.57,overcast clouds
232,Kovdor,RU,67.5662,30.4758,30.33,95,91,3.69,overcast clouds
233,Padang,ID,-0.9492,100.3543,73.45,95,100,5.77,overcast clouds
234,Margate,GB,51.3813,1.3862,57.31,86,100,3.0,overcast clouds
235,Vestmannaeyjar,IS,63.4427,-20.2734,46.9,84,100,36.89,overcast clouds
236,Dahra,DZ,36.2546,0.8519,61.99,59,0,4.76,clear sky
237,Cotonou,BJ,6.3654,2.4183,78.78,89,40,10.36,scattered clouds
238,Port Blair,IN,11.6667,92.75,82.44,83,75,2.3,broken clouds
239,Ballina,AU,-28.8667,153.5667,57.36,89,100,8.12,overcast clouds
240,Morehead,US,37.2711,-87.1764,63.79,72,0,0.0,clear sky
241,Meulaboh,ID,4.1363,96.1285,79.07,83,100,6.22,overcast clouds
242,Umm Lajj,SA,25.0213,37.2685,87.37,28,0,6.53,clear sky
243,Sechura,PE,-5.5569,-80.8222,63.01,83,2,15.01,clear sky
244,Bang Saphan,TH,11.2126,99.5117,80.35,81,100,5.19,overcast clouds
245,Magadan,RU,59.5667,150.8,40.53,43,21,2.08,few clouds
246,Champerico,GT,14.3,-91.9167,80.19,77,98,4.38,overcast clouds
247,Enshi,CN,30.3,109.4833,76.96,84,92,0.89,overcast clouds
248,Tucuma,BR,-0.1833,-50.05,79.14,76,93,8.1,overcast clouds
249,Svetlyy,RU,54.675,20.1347,50.05,89,100,14.0,overcast clouds
250,Hilo,US,19.7297,-155.09,86.29,74,0,8.05,clear sky
251,Tamasane,BW,-22.4184,27.4013,66.43,32,1,4.63,clear sky
252,Chicama,PE,-7.8447,-79.1469,57.74,83,32,6.87,scattered clouds
253,Kassala,SD,15.451,36.4,82.06,58,3,7.34,clear sky
254,Rawson,AR,-43.3002,-65.1023,51.01,63,100,10.07,overcast clouds
255,Prince Rupert,CA,54.3161,-130.3201,55.09,98,100,13.8,moderate rain
256,Shilka,RU,51.85,116.0333,37.36,37,80,14.61,broken clouds
257,Polyarnyy,RU,69.1989,33.4478,36.3,98,100,11.18,overcast clouds
258,Upington,ZA,-28.4478,21.2561,53.98,20,0,4.61,clear sky
259,Nador,MA,35.174,-2.9287,70.05,73,40,10.36,scattered clouds
260,Camapua,BR,-19.5314,-54.0439,74.03,74,8,6.46,clear sky
261,Svetlaya,RU,46.5389,138.3297,52.97,77,99,7.16,overcast clouds
262,Port-Gentil,GA,-0.7193,8.7815,77.09,85,100,10.51,moderate rain
263,Thompson,CA,55.7435,-97.8558,44.76,61,20,3.44,few clouds
264,Waw,SS,7.7029,27.9953,72.23,85,4,1.95,clear sky
265,Inhapi,BR,-9.2214,-37.7486,64.49,86,6,5.66,clear sky
266,Halkirk,CA,52.2834,-112.1518,63.97,38,5,12.48,clear sky
267,Mahebourg,MU,-20.4081,57.7,70.25,60,40,9.22,scattered clouds
268,Hovd,MN,48.0056,91.6419,24.03,38,13,2.3,few clouds
269,Sabha,LY,27.0377,14.4283,83.62,17,0,11.07,clear sky
270,Gusau,NG,12.1628,6.6614,75.18,81,37,5.84,scattered clouds
271,Saint-Pierre,RE,-21.3393,55.4781,69.48,66,100,6.91,overcast clouds
272,Saint-Joseph,RE,-21.3667,55.6167,68.38,72,41,10.89,scattered clouds
273,Alpena,US,45.0617,-83.4327,57.52,85,75,10.36,broken clouds
274,Changji,CN,44.0167,87.3167,34.59,69,0,4.47,clear sky
275,Mahibadhoo,MV,3.7833,72.9667,82.22,76,91,19.6,overcast clouds
276,Osakarovka,KZ,50.565,72.5692,27.48,67,0,7.52,clear sky
277,Ekuvukeni,ZA,-28.4675,30.1551,64.11,79,100,3.29,overcast clouds
278,Malumfashi,NG,11.7853,7.6218,73.13,75,57,6.55,broken clouds
279,Kwinana,AU,-32.25,115.7667,65.8,52,5,16.37,clear sky
280,Saint-Georges,GD,12.0564,-61.7485,82.08,83,20,5.75,few clouds
281,Qandala,SO,11.472,49.8728,84.25,56,24,4.72,few clouds
282,Sorrento,IT,40.626,14.3744,68.27,88,0,9.37,clear sky
283,Luang Prabang,LA,19.8856,102.1347,78.76,89,100,2.3,mist
284,Hibbing,US,47.4272,-92.9377,51.4,58,20,8.05,few clouds
285,Praia Da Vitoria,PT,38.7333,-27.0667,72.75,88,20,18.39,few clouds
286,Noumea,NC,-22.2763,166.4572,78.78,99,36,7.92,scattered clouds
287,Ilulissat,GL,69.2167,-51.1,32.02,69,75,0.0,broken clouds
288,Ahuimanu,US,21.4447,-157.8378,87.51,63,40,10.36,scattered clouds
289,Hofn,IS,64.2539,-15.2082,46.78,87,100,6.73,overcast clouds
290,Qostanay,KZ,53.1667,63.5833,37.69,44,0,6.71,clear sky
291,Kouango,CF,4.9934,19.9619,70.5,97,60,2.28,broken clouds
292,Gamba,GA,-2.65,10.0,75.06,90,100,6.06,light rain
293,Lorengau,PG,-2.0226,147.2712,83.37,76,37,9.84,scattered clouds
294,Parabel,RU,58.6978,81.4825,28.87,78,73,3.04,broken clouds
295,Woodward,US,36.4337,-99.3904,74.32,36,0,8.05,clear sky
296,Pangai,TO,-19.8,-174.35,77.04,70,17,17.47,few clouds
297,Baculin,PH,7.4525,126.5842,85.71,68,86,4.12,overcast clouds
298,Pen,IN,18.75,73.0833,80.64,87,47,1.25,scattered clouds
299,Hobyo,SO,5.3505,48.5268,75.87,86,9,19.01,clear sky
300,Xingcheng,CN,40.6167,120.7167,62.04,82,100,15.43,overcast clouds
301,Neiafu,TO,-18.65,-173.9833,83.08,65,20,13.8,few clouds
302,Aswan,EG,24.0934,32.907,85.3,18,0,5.75,clear sky
303,Yekaterinovka,RU,52.0508,44.3451,56.41,95,100,10.02,overcast clouds
304,Kulykivka,UA,51.3735,31.6466,55.24,93,100,8.68,light rain
305,Altamont,US,42.2068,-121.7372,71.44,36,0,1.99,clear sky
306,Coihaique,CL,-45.5752,-72.0662,46.35,61,0,4.61,clear sky
307,Escanaba,US,45.7453,-87.0646,55.71,86,0,6.91,clear sky
308,Ayagoz,KZ,47.9714,80.4392,27.19,64,7,14.2,clear sky
309,Vostok,RU,46.4856,135.8833,58.46,58,40,4.47,scattered clouds
310,Reconquista,AR,-29.15,-59.65,59.16,70,0,7.45,clear sky
311,Arinos,BR,-15.9169,-46.1056,76.86,57,2,0.85,clear sky
312,Grindavik,IS,63.8424,-22.4338,48.15,93,100,31.07,light intensity drizzle
313,Grand Gaube,MU,-20.0064,57.6608,70.38,60,22,7.0,few clouds
314,Hervey Bay,AU,-25.2986,152.8535,69.21,70,22,7.99,few clouds
315,Senador Jose Porfirio,BR,-2.5908,-51.9542,74.59,86,25,4.65,scattered clouds
316,Road Town,VG,18.4167,-64.6167,82.49,94,20,5.75,few clouds
317,Najran,SA,17.4924,44.1277,66.85,38,5,4.94,clear sky
318,Montebello,US,34.0095,-118.1053,76.19,67,0,8.05,clear sky
319,Kabalo,CD,-6.05,26.9167,72.63,71,79,2.71,broken clouds
320,Akyab,MM,20.15,92.9,78.28,92,100,11.52,overcast clouds
321,Date,JP,42.4681,140.8681,68.74,70,1,3.69,clear sky
322,Cidreira,BR,-30.1811,-50.2056,57.83,90,2,8.32,clear sky
323,Uribia,CO,11.7139,-72.266,82.22,76,67,4.83,broken clouds
324,Heihe,CN,50.2441,127.4902,45.18,64,100,9.86,overcast clouds
325,Itagi,BR,-14.1628,-40.0061,69.51,99,93,1.88,overcast clouds
326,Mabaruma,GY,8.2,-59.7833,78.21,86,7,4.94,clear sky
327,Mayor Pablo Lagerenza,PY,-19.9309,-60.7718,74.88,51,6,5.12,clear sky
328,Nakasongola,UG,1.3089,32.4564,62.31,86,26,0.89,scattered clouds
329,Imeni Sverdlova,RU,59.7961,30.6658,42.91,93,100,2.95,overcast clouds
330,Gospic,HR,44.5461,15.3747,49.69,96,13,0.65,few clouds
331,Urengoy,RU,65.9667,78.3667,29.12,68,99,11.79,overcast clouds
332,Kendari,ID,-3.945,122.4989,86.31,64,30,3.29,scattered clouds
333,Ust-Maya,RU,60.4167,134.5333,30.2,56,100,8.14,overcast clouds
334,Timizart,DZ,36.8,4.2667,61.47,73,40,5.21,scattered clouds
335,Nishihara,JP,26.1842,127.7558,85.28,66,20,11.5,few clouds
336,Baghdad,IQ,33.3406,44.4009,69.71,43,0,0.0,clear sky
337,Trincomalee,LK,8.5711,81.2335,81.82,73,84,19.48,broken clouds
338,Pandan,PH,14.0453,124.1694,83.28,84,99,12.82,overcast clouds
339,Coahuayana,MX,18.7333,-103.6833,77.11,90,99,2.68,overcast clouds
340,Stabat,ID,3.761,98.4513,77.2,90,100,1.45,light rain
341,Taree,AU,-31.9,152.4667,64.11,58,46,5.88,scattered clouds
342,Campechuela,CU,20.2342,-77.2789,76.64,85,100,3.76,light rain
343,Hambantota,LK,6.1241,81.1185,77.34,100,40,8.05,scattered clouds
344,Mocuba,MZ,-16.8392,36.9856,66.04,87,0,2.42,clear sky
345,Khasan,RU,42.4308,130.6434,62.22,89,100,12.44,overcast clouds
346,Karlskoga,SE,59.3267,14.5239,49.71,97,100,3.87,overcast clouds
347,Staryy Nadym,RU,65.6118,72.6842,31.69,65,100,15.39,overcast clouds
348,Selikhino,RU,50.3672,137.4996,51.69,64,100,12.88,overcast clouds
349,Dubrovnik,HR,42.6481,18.0922,62.24,82,0,5.75,clear sky
350,Ubajara,BR,-3.8544,-40.9211,66.04,74,24,2.86,few clouds
351,Barberton,ZA,-25.7884,31.0532,62.69,91,22,2.51,few clouds
352,Cayenne,GF,4.9333,-52.3333,75.24,94,0,0.0,clear sky
353,San Quintin,MX,30.4833,-115.95,68.04,75,0,12.17,clear sky
354,Igrim,RU,63.1906,64.4162,31.35,80,100,8.95,overcast clouds
355,Pontes E Lacerda,BR,-15.2261,-59.3353,77.86,59,37,3.13,scattered clouds
356,Alexander City,US,32.944,-85.9539,69.58,49,0,4.61,clear sky
357,Qaanaaq,GL,77.484,-69.3632,5.74,69,0,8.79,clear sky
358,Erzurum,TR,40.0,41.5,35.28,49,3,2.62,clear sky
359,Dandong,CN,40.1292,124.3947,59.9,91,100,10.76,moderate rain
360,Zhaotong,CN,27.3167,103.7167,66.85,78,25,6.33,scattered clouds
361,Diamantina,BR,-18.2494,-43.6003,63.99,80,53,3.74,broken clouds
362,Haines Junction,CA,60.7522,-137.5108,53.55,43,100,5.75,overcast clouds
363,Hailar,CN,49.2,119.7,40.23,42,100,12.86,overcast clouds
364,Saskylakh,RU,71.9167,114.0833,30.78,97,100,12.1,light snow
365,Suhbaatar,MN,50.2314,106.2078,33.35,51,58,5.73,broken clouds
366,Nalut,LY,30.3333,10.85,72.82,79,3,22.08,clear sky
367,Kudahuvadhoo,MV,2.6708,72.8944,82.06,75,76,18.7,broken clouds
368,Sol-Iletsk,RU,51.1631,54.9918,51.6,33,97,14.47,overcast clouds
369,Nanortalik,GL,60.1432,-45.2371,39.72,78,100,1.03,overcast clouds
370,Pahalgam,IN,34.0333,75.3333,51.94,62,4,1.61,clear sky
371,Cham,DE,49.245,12.6825,55.22,93,73,8.66,broken clouds
372,Nemuro,JP,43.3236,145.575,58.3,76,95,17.96,overcast clouds
373,Taunggyi,MM,20.7833,97.0333,66.81,91,100,4.21,overcast clouds
374,Leshukonskoye,RU,64.8989,45.7622,37.96,96,89,3.98,overcast clouds
375,Joshimath,IN,30.5667,79.5667,63.95,79,52,1.72,broken clouds
376,Tarare,FR,45.8976,4.4327,62.26,95,100,2.62,overcast clouds
377,Tadine,NC,-21.55,167.8833,75.45,66,100,3.11,overcast clouds
378,Karlskrona,SE,56.1616,15.5866,50.45,90,100,15.52,overcast clouds
379,Lomovka,RU,53.9194,58.3672,35.24,94,100,3.27,overcast clouds
380,Kalengwa,ZM,-13.4659,25.0027,60.78,40,2,4.76,clear sky
381,Tukrah,LY,32.5341,20.5791,79.43,76,0,8.66,clear sky
382,Tongliao,CN,43.6125,122.2653,72.07,50,0,11.92,clear sky
383,Bontang,ID,0.1333,117.5,82.81,74,100,4.23,overcast clouds
384,Kyela,TZ,-9.5833,33.85,68.86,73,91,3.33,overcast clouds
385,Homer,US,59.6425,-151.5483,48.09,77,100,5.01,light rain
386,Strezhevoy,RU,60.7333,77.5889,27.55,84,16,5.21,few clouds
387,Pangnirtung,CA,66.1451,-65.7125,30.45,52,0,4.88,clear sky
388,Abu Samrah,SY,35.3029,37.1841,72.07,51,0,4.59,clear sky
389,Winnemucca,US,40.973,-117.7357,69.85,21,0,5.75,clear sky
390,Egvekinot,RU,66.3167,-179.1667,29.64,70,98,4.38,overcast clouds
391,Vestmanna,FO,62.1564,-7.1664,49.12,87,100,17.27,light rain
392,Ihosy,MG,-22.4,46.1167,60.51,85,48,6.78,scattered clouds
393,Dutlwe,BW,-23.9833,23.9,68.77,32,39,9.06,scattered clouds
394,Alta Floresta,BR,-9.8756,-56.0861,80.58,53,74,2.44,heavy intensity rain
395,Nortelandia,BR,-14.4547,-56.8028,74.48,84,17,4.18,few clouds
396,Karratha,AU,-20.7377,116.8463,81.88,39,0,7.72,clear sky
397,At-Bashi,KG,41.1702,75.8106,42.03,81,77,1.07,broken clouds
398,Lompoc,US,34.6391,-120.4579,68.02,75,0,6.91,clear sky
399,Bialogard,PL,54.007,15.9875,55.74,85,100,16.2,overcast clouds
400,Millinocket,US,45.6573,-68.7098,55.51,71,75,4.61,broken clouds
401,Solnechnyy,RU,50.7214,136.6319,49.1,72,100,9.22,overcast clouds
402,Atar,MR,20.5169,-13.0499,80.15,29,0,5.26,clear sky
403,Lagoa,PT,39.05,-27.9833,71.15,86,91,26.93,overcast clouds
404,Sarab,IR,38.6066,44.9883,57.11,46,0,1.52,clear sky
405,Jiazi,CN,22.8779,116.067,84.52,74,24,12.59,few clouds
406,Pemangkat,ID,1.1667,108.9667,79.74,82,100,4.47,moderate rain
407,San Angelo,US,31.4638,-100.437,78.39,31,29,7.0,scattered clouds
408,Nouadhibou,MR,20.931,-17.0347,69.78,73,0,17.27,clear sky
409,Otane,NZ,-39.8833,176.6333,57.0,91,100,2.75,overcast clouds
410,Naze,JP,28.3667,129.4833,79.72,70,50,12.91,scattered clouds
411,Zhoucheng,CN,35.9122,116.3117,72.77,84,90,7.92,overcast clouds
412,Smirnykh,RU,49.75,142.8333,50.02,55,15,7.25,few clouds
413,Nouakchott,MR,18.0858,-15.9785,78.73,66,2,13.56,clear sky
414,Vanavara,RU,60.34,102.2797,31.06,67,100,6.49,overcast clouds
415,Mwinilunga,ZM,-11.7358,24.4293,62.56,39,50,2.48,scattered clouds
416,Sur,OM,22.5667,59.5289,81.64,72,0,7.09,clear sky
417,Kaitangata,NZ,-46.2817,169.8464,53.83,62,62,9.24,broken clouds
418,Talara,PE,-4.5772,-81.2719,63.5,89,25,17.34,scattered clouds
419,Touros,BR,-5.1989,-35.4608,76.51,81,12,16.04,few clouds
420,Ponta Do Sol,PT,32.6667,-17.1,70.43,79,18,5.01,few clouds
421,Pevek,RU,69.7008,170.3133,33.58,80,100,4.88,overcast clouds
422,Porto Walter,BR,-8.2686,-72.7439,76.12,68,99,2.82,overcast clouds
423,Vallenar,CL,-28.5708,-70.7581,63.23,49,0,0.85,clear sky
424,Santiago,CL,-33.4569,-70.6483,66.25,57,0,1.63,clear sky
425,Kirando,TZ,-7.4167,30.6,76.05,60,30,5.57,scattered clouds
426,Pauini,BR,-7.7136,-66.9764,77.95,65,100,1.16,overcast clouds
427,Torrington,US,41.8007,-73.1212,58.44,61,100,3.0,overcast clouds
428,Kuhdasht,IR,33.535,47.6061,66.42,17,0,3.85,clear sky
429,Glenluce,GB,54.8798,-4.8084,52.02,85,44,14.94,scattered clouds
430,Odesskoye,RU,54.2111,72.9651,30.54,71,39,4.76,scattered clouds
431,Banff,CA,51.1762,-115.5698,65.43,54,1,2.3,clear sky
432,Lasa,IT,46.6166,10.7002,54.48,97,80,8.08,broken clouds
433,Acapulco,MX,16.8634,-99.8901,82.22,78,75,5.75,broken clouds
434,Kautokeino,NO,69.0125,23.0412,35.83,98,100,11.61,overcast clouds
435,Beringovskiy,RU,63.05,179.3167,40.46,88,100,17.45,light rain
436,Wajid,SO,3.8093,43.2471,71.24,69,15,16.06,few clouds
437,Iqaluit,CA,63.7506,-68.5145,28.13,79,20,12.66,few clouds
438,Pokoynoye,RU,44.8097,44.2517,67.12,56,91,5.48,overcast clouds
439,Honiara,SB,-9.4333,159.95,84.76,71,31,2.71,scattered clouds
440,Shubarshi,KZ,48.5872,57.1869,48.06,26,98,11.03,overcast clouds
441,Bud,US,39.447,-86.1758,64.67,63,0,7.47,clear sky
442,Maldonado,UY,-34.6667,-54.9167,54.23,88,98,3.24,overcast clouds
443,Huarmey,PE,-10.0681,-78.1522,62.6,84,25,9.98,scattered clouds
444,Auki,SB,-8.7676,160.7034,82.29,75,50,3.13,scattered clouds
445,Ternate,ID,0.8,127.4,80.62,78,100,3.6,overcast clouds
446,Kununurra,AU,-15.7667,128.7333,73.38,83,100,8.05,light rain
447,Khuzdar,PK,27.7384,66.6434,69.75,67,0,2.73,clear sky
448,Natitingou,BJ,10.3042,1.3796,69.51,97,92,4.0,overcast clouds
449,Petropavl,KZ,54.8753,69.1628,22.98,86,0,4.47,clear sky
450,Fort Nelson,CA,58.8053,-122.7002,62.19,72,75,0.0,broken clouds
451,Muzhi,RU,65.3667,64.6667,34.0,86,97,9.69,overcast clouds
452,Issoudun,FR,47.0,1.8333,63.25,100,100,13.8,overcast clouds
453,Aykhal,RU,66.0,111.5,23.88,92,100,12.46,overcast clouds
454,Ambatondrazaka,MG,-17.8333,48.4167,51.39,97,13,3.49,few clouds
455,Santa Ana,US,33.7456,-117.8678,76.24,74,40,11.5,scattered clouds
456,Kungalv,SE,57.871,11.9805,53.19,96,100,8.43,overcast clouds
457,Garowe,SO,8.4054,48.4845,74.44,68,88,14.03,overcast clouds
458,Thinadhoo,MV,0.5333,72.9333,81.5,74,48,13.6,scattered clouds
459,Torremolinos,ES,36.6204,-4.4998,66.2,69,20,5.75,few clouds
460,Irbeyskoye,RU,55.6428,95.4522,32.45,86,99,10.2,overcast clouds
461,Semnan,IR,35.5729,53.3971,63.07,59,0,5.88,light rain
462,Matara,LK,5.9485,80.5353,79.99,82,99,14.74,overcast clouds
463,Leningradskiy,RU,69.3833,178.4167,30.06,75,100,7.29,overcast clouds
464,Kirakira,SB,-10.4544,161.9205,83.86,73,88,6.6,overcast clouds
465,Topeka,US,39.0483,-95.678,66.49,54,0,4.61,clear sky
466,Bereda,ES,43.2686,-7.5406,51.87,98,100,0.65,overcast clouds
467,Flin Flon,CA,54.7682,-101.865,49.28,68,4,7.49,clear sky
468,Arona,ES,28.0996,-16.681,64.92,83,20,4.61,few clouds
469,Sambava,MG,-14.2667,50.1667,68.49,78,83,10.65,light rain
470,Sakaiminato,JP,35.55,133.2333,73.38,60,20,3.44,few clouds
471,Rafai,CF,4.95,23.9167,67.95,98,100,0.94,light rain
472,Chivay,PE,-15.6383,-71.6011,47.53,21,86,2.57,overcast clouds
473,Mount Isa,AU,-20.7333,139.5,85.77,17,98,6.91,overcast clouds
474,Trinidad,BO,-14.8333,-64.9,76.41,54,14,2.26,few clouds
475,Rio Grande,BR,-32.035,-52.0986,56.91,92,5,9.13,clear sky
476,Smidovich,RU,48.6,133.8167,55.56,66,100,8.05,overcast clouds
477,Port Augusta,AU,-32.5,137.7667,75.76,26,100,4.09,overcast clouds
478,Okhotsk,RU,59.3833,143.3,41.18,46,24,8.68,few clouds
479,Evensk,RU,61.95,159.2333,35.17,78,98,6.98,overcast clouds
480,Kose,TR,40.21,39.6511,47.37,67,19,2.35,few clouds
481,Viedma,AR,-40.8135,-62.9967,49.8,71,3,9.22,clear sky
482,Finschhafen,PG,-6.6024,147.8681,85.57,65,28,8.52,scattered clouds
483,Vieux-Habitants,GP,16.0589,-61.7659,78.37,80,100,10.65,overcast clouds
484,San Joaquin,US,37.9333,-121.3011,79.34,52,0,10.36,clear sky
485,Eydhafushi,MV,5.1033,73.0708,81.84,77,98,18.45,moderate rain
486,Bah,IN,26.87,78.5975,79.9,62,0,1.97,clear sky
487,Peterhead,GB,57.5058,-1.7981,50.45,73,100,17.07,overcast clouds
488,Chita,RU,52.0333,113.55,33.69,40,80,15.66,broken clouds
489,Richards Bay,ZA,-28.783,32.0377,68.9,82,100,10.33,overcast clouds
490,Marfino,RU,55.7028,37.3822,53.51,88,75,13.42,broken clouds
491,Khandyga,RU,62.6667,135.6,31.14,63,92,3.24,overcast clouds
492,Te Anau,NZ,-45.4167,167.7167,42.84,96,93,1.01,overcast clouds
493,Parry Sound,CA,45.3501,-80.033,55.31,71,1,12.88,clear sky
494,Takoradi,GH,4.8845,-1.7554,74.68,93,95,7.58,light rain
495,Katangli,RU,51.7102,143.2326,48.69,54,57,12.26,broken clouds
496,Taoudenni,ML,22.6783,-3.9836,88.59,19,66,8.08,broken clouds
497,Kemijarvi,FI,66.7131,27.4306,33.1,95,95,4.05,overcast clouds
498,Bubaque,GW,11.2833,-15.8333,80.65,80,100,15.84,overcast clouds
499,Broome,US,42.2506,-75.833,59.38,70,100,9.22,overcast clouds
500,Nioro,GM,13.35,-15.75,75.29,94,67,4.9,broken clouds
501,Bambous Virieux,MU,-20.3428,57.7575,70.21,60,40,9.22,scattered clouds
502,Avera,US,33.194,-82.5271,69.31,63,55,5.08,broken clouds
503,Mandleshwar,IN,22.1833,75.6667,76.62,77,3,4.72,clear sky
504,Pochutla,MX,15.7432,-96.4661,78.82,93,44,3.69,scattered clouds
505,Mwaya,TZ,-9.55,33.95,70.63,68,93,3.04,overcast clouds
506,Quelimane,MZ,-17.8786,36.8883,69.75,94,0,0.0,clear sky
507,Bintulu,MY,3.1667,113.0333,79.21,88,40,5.01,thunderstorm
508,Menongue,AO,-14.6585,17.691,60.94,29,57,5.12,broken clouds
509,San Julian,MX,21.0167,-102.1667,59.11,42,100,5.97,overcast clouds
510,Victor Harbor,AU,-35.5667,138.6167,74.68,75,89,1.9,overcast clouds
511,Thunder Bay,CA,48.4001,-89.3168,44.58,93,40,1.14,scattered clouds
512,Lieksa,FI,63.3167,30.0167,43.39,91,100,3.71,light rain
513,La Cruz,MX,23.9167,-106.9,80.6,80,100,2.66,overcast clouds
514,Skjervoy,NO,70.0311,20.9714,28.4,72,12,9.35,few clouds
515,Erenhot,CN,43.6475,111.9767,58.95,57,99,9.17,overcast clouds
516,Puerto Madryn,AR,-42.7692,-65.0385,52.84,53,100,9.57,overcast clouds
517,Cap Malheureux,MU,-19.9842,57.6142,70.47,60,20,7.0,few clouds
518,El Alto,PE,-4.2714,-81.2147,61.92,87,31,16.2,scattered clouds
519,Namibe,AO,-15.1961,12.1522,64.11,91,21,3.96,few clouds
520,Hualmay,PE,-11.0964,-77.6139,62.06,83,59,10.16,broken clouds
521,Hay River,CA,60.8156,-115.7999,66.18,48,75,12.66,broken clouds
522,Nome,US,64.5011,-165.4064,47.16,61,0,4.61,clear sky
523,Ossora,RU,59.2353,163.0719,44.33,66,100,2.93,overcast clouds
524,Itaquyry,PY,-24.9333,-55.2167,63.18,96,15,2.59,few clouds
525,Sobolevo,RU,54.4299,31.8996,45.12,95,91,3.65,overcast clouds
526,Carutapera,BR,-1.195,-46.02,77.47,83,36,6.69,scattered clouds
527,Miquelon,PM,47.0975,-56.3814,51.8,81,100,14.65,overcast clouds
528,Bardiyah,LY,31.7561,25.0865,82.71,43,0,7.2,clear sky
529,Arman,RU,59.7,150.1667,41.02,42,19,5.48,few clouds
530,Cherskiy,RU,68.75,161.3,32.07,93,100,2.93,light snow
531,Whitehorse,CA,60.7161,-135.0538,54.37,37,75,14.97,broken clouds
532,Esmeraldas,BR,-19.7625,-44.3139,72.64,84,7,3.76,clear sky
533,Yei,SS,4.095,30.6779,65.52,94,64,2.19,broken clouds
534,West Bay,KY,19.3667,-81.4167,82.47,73,20,5.75,few clouds
535,Eenhana,NA,-17.4667,16.3333,67.17,20,0,4.65,clear sky
536,Nova Kakhovka,UA,46.7545,33.3486,64.13,82,100,10.96,overcast clouds
537,Belaya Gora,RU,68.5333,146.4167,26.78,71,96,4.45,overcast clouds
538,Nicoya,CR,10.1483,-85.452,73.45,95,99,2.93,overcast clouds
539,Nikel,RU,69.4128,30.222,35.78,97,92,5.14,overcast clouds
540,Saint Anthony,US,45.0205,-93.218,61.97,75,100,3.44,overcast clouds
541,Cacoal,BR,-11.4386,-61.4472,76.82,76,88,3.2,overcast clouds
542,Ulladulla,AU,-35.35,150.4667,60.08,57,28,7.34,scattered clouds
543,Kilindoni,TZ,-7.9139,39.6668,73.78,76,6,5.66,clear sky
544,Flinders,AU,-34.5833,150.8552,60.26,69,40,7.31,scattered clouds
545,Marechal Candido Rondon,BR,-24.5561,-54.0567,63.5,91,0,4.0,clear sky
546,Cabedelo,BR,-6.9811,-34.8339,75.87,77,8,12.33,clear sky
547,Carnot,CF,4.9409,15.8665,69.21,96,100,2.08,overcast clouds
548,Bom Jesus,BR,-9.0744,-44.3586,79.23,36,2,3.62,clear sky
549,Siva,EG,29.2041,25.5195,82.51,34,0,5.28,clear sky
550,Schwedt,DE,53.0596,14.2815,55.02,94,37,15.1,scattered clouds
551,Sibolga,ID,1.7427,98.7792,77.04,91,100,1.83,overcast clouds
552,Westport,US,41.1415,-73.3579,60.75,70,100,14.97,overcast clouds
553,Highland,US,34.1283,-117.2086,82.58,54,0,9.22,haze
554,Haimen,CN,23.1935,116.6142,84.09,76,38,9.57,scattered clouds
555,Newport,GB,51.5877,-2.9984,59.54,83,100,7.52,light rain
556,Quatre Cocos,MU,-20.2078,57.7625,70.09,62,84,14.12,broken clouds
557,Rio Pardo De Minas,BR,-15.6097,-42.5397,68.9,70,3,6.85,clear sky
558,Kahului,US,20.8947,-156.47,86.02,68,40,16.11,scattered clouds
559,Arti,RU,56.4234,58.5328,41.74,78,100,4.52,overcast clouds
560,Grieskirchen,AT,48.2333,13.8333,55.76,89,81,13.11,broken clouds
561,Santo Antonio Do Ica,BR,-3.1022,-67.9397,73.98,93,86,1.9,overcast clouds
562,Krasnyy Chikoy,RU,50.3643,108.7512,30.65,58,100,9.06,overcast clouds
563,Pathalgaon,IN,22.5667,83.4667,76.21,77,89,4.21,overcast clouds
564,Krotovka,RU,53.2858,51.1686,55.13,59,100,9.8,overcast clouds
565,Effingham,US,32.3669,-81.3332,71.55,65,2,4.59,clear sky
566,Bella Union,UY,-30.2752,-57.6007,56.12,84,0,7.67,clear sky
567,Qaqortoq,GL,60.7167,-46.0333,38.75,82,100,5.23,overcast clouds
568,Lensk,RU,60.7253,114.9278,30.11,61,99,7.76,overcast clouds
569,Auchi,NG,7.0667,6.2667,70.84,98,100,2.26,overcast clouds
570,Talakan,RU,50.3167,130.3667,43.59,88,100,5.17,overcast clouds
571,Iberia,US,29.9502,-91.7507,68.05,59,0,3.44,clear sky
572,Zastron,ZA,-30.3023,27.084,57.33,34,91,1.79,overcast clouds
573,San Policarpo,PH,12.1791,125.5072,83.86,76,82,7.4,broken clouds
574,Burnie,AU,-41.0667,145.9167,58.91,65,50,9.57,scattered clouds
575,Barcelos,PT,41.5388,-8.6151,65.91,85,100,3.11,overcast clouds
576,Dondo,MZ,-19.6094,34.7431,65.71,93,0,2.66,clear sky
577,Guerrero Negro,MX,27.9769,-114.0611,69.87,75,0,14.76,clear sky
578,Tautira,PF,-17.7333,-149.15,77.59,71,67,8.1,broken clouds
579,Caravelas,BR,-17.7125,-39.2481,72.48,76,91,7.14,overcast clouds
580,Watertown,US,42.3709,-71.1828,57.36,80,100,10.36,overcast clouds
581,Lima,PE,-12.0432,-77.0282,61.9,80,100,16.11,overcast clouds
582,Kalabo,ZM,-14.97,22.6814,64.99,33,2,3.71,clear sky
583,Atambua,ID,-9.1061,124.8925,85.55,59,23,4.16,few clouds
584,Lerwick,GB,60.1545,-1.1494,53.6,88,100,18.14,overcast clouds
585,Palmer,US,42.1584,-72.3287,58.37,63,100,5.75,overcast clouds
586,Yar-Sale,RU,66.8333,70.8333,32.56,95,100,15.84,light snow
587,Laje,BR,-10.1833,-40.9667,72.37,66,0,8.48,clear sky
588,Pitlochry,GB,56.7051,-3.7343,48.47,76,100,10.04,overcast clouds
589,Samarkand,UZ,39.6542,66.9597,51.22,35,0,11.5,clear sky
590,Katghora,IN,22.5,82.55,77.79,73,70,5.66,broken clouds
591,Oudtshoorn,ZA,-33.5907,22.2014,48.56,80,14,1.39,few clouds
592,Qui Nhon,VN,13.7667,109.2333,79.12,89,100,4.09,overcast clouds
593,Teruel,ES,40.6667,-0.6667,52.23,50,62,5.55,broken clouds
594,Pendleton,US,45.6721,-118.7886,74.8,52,0,4.61,clear sky
595,Alamos,MX,27.0167,-108.9333,77.67,61,1,2.06,clear sky
596,Grants,US,35.1473,-107.8514,61.03,51,100,8.05,overcast clouds
597,Huainan,CN,32.6264,116.9969,96.75,32,46,9.95,scattered clouds
598,Napoleon,US,41.3923,-84.1252,60.87,57,31,10.2,scattered clouds
599,Rabo De Peixe,PT,37.8,-25.5833,72.28,78,75,11.5,broken clouds
600,Shimoda,JP,34.6667,138.95,80.1,61,55,9.95,broken clouds
601,La Tuque,CA,47.4334,-72.7824,43.05,70,6,2.3,clear sky
602,Serenje,ZM,-13.2325,30.2352,57.65,53,0,3.36,clear sky
603,Marsh Harbour,BS,26.5412,-77.0636,82.35,73,6,2.93,clear sky
604,Canaries,ES,28.0,-15.5,64.36,83,20,13.8,few clouds
605,Warrnambool,AU,-38.3833,142.4833,58.15,69,47,7.76,scattered clouds
606,Dudinka,RU,69.4058,86.1778,27.63,90,100,5.82,overcast clouds
607,Zaysan,KZ,47.4667,84.8667,33.39,33,0,0.4,clear sky
608,Praia,CV,14.9215,-23.5087,79.34,73,75,9.22,broken clouds
609,Kitimat,CA,54.0524,-128.6534,59.38,24,100,4.5,overcast clouds
610,Goma,CD,-1.6792,29.2228,63.72,83,100,2.37,overcast clouds
611,Santa Cruz,BO,-17.8,-63.1667,71.06,73,37,5.75,scattered clouds
612,Necochea,AR,-38.5473,-58.7368,51.75,89,0,8.77,clear sky
613,Gambela,ET,8.25,34.5833,71.26,77,69,2.73,broken clouds
614,Umm Kaddadah,SD,13.6017,26.6876,84.36,50,24,8.39,few clouds
615,Shieli,KZ,44.1667,66.75,42.12,31,0,17.87,clear sky
616,Usinsk,RU,65.9939,57.5281,38.23,97,100,15.79,overcast clouds
617,Nosy Varika,MG,-20.5833,48.5333,66.34,80,95,3.02,overcast clouds
618,Canete,CL,-37.8,-73.4,50.59,88,88,2.15,overcast clouds
619,Aksu,CN,41.1231,80.2644,57.92,37,57,17.58,broken clouds
620,Kokopo,PG,-4.352,152.2633,85.28,62,10,5.32,clear sky
621,Bereznik,RU,62.8551,42.7072,42.17,92,100,2.59,overcast clouds
622,Biak,ID,-0.9131,122.8766,83.77,62,80,1.9,broken clouds
623,Watsa,CD,3.0372,29.5355,62.24,98,98,1.99,overcast clouds
624,Half Moon Bay,US,37.4636,-122.4286,68.05,83,100,12.66,overcast clouds
625,Xiaoweizhai,CN,26.1903,107.5125,72.46,85,100,6.42,overcast clouds
626,Idar,DE,49.7167,7.3,54.68,82,99,1.99,overcast clouds
627,Udachnyy,RU,66.4167,112.4,25.45,92,100,14.27,overcast clouds
628,Jiaojiang,CN,28.6803,121.4428,88.0,70,3,10.09,clear sky
629,High Level,CA,58.5169,-117.136,68.11,49,75,8.05,broken clouds
630,Kailua,US,21.4022,-157.7394,87.78,73,20,9.22,light rain
631,Regina,CA,50.4501,-104.6178,60.78,55,75,9.22,broken clouds
632,Vung Tau,VN,10.346,107.0843,79.29,83,100,2.53,overcast clouds
633,Muli,MV,2.9167,73.5667,81.91,76,96,19.3,overcast clouds
634,Andenes,NO,69.3143,16.1194,40.93,87,56,9.22,broken clouds
635,Kloulklubed,PW,7.0419,134.2556,82.9,80,97,19.17,overcast clouds
636,Kiknur,RU,57.3034,47.2011,54.37,95,100,14.99,light rain
637,Niamey,NE,13.5137,2.1098,80.89,78,0,6.91,clear sky
638,Conde,BR,-7.2597,-34.9075,74.66,83,20,4.61,few clouds
639,Santa Catarina De Tepehuanes,MX,25.35,-105.7333,63.84,68,94,5.35,overcast clouds
640,Isla Mujeres,MX,21.2311,-86.731,77.16,76,100,7.4,overcast clouds
641,Aurad,IN,18.25,77.4333,72.93,84,74,10.04,broken clouds
642,Kurilsk,RU,45.2333,147.8833,52.34,69,67,11.54,broken clouds
643,Kosh-Agach,RU,50.0,88.6667,17.98,40,1,1.41,clear sky
644,Bloemfontein,ZA,-29.1211,26.214,45.88,66,39,1.14,scattered clouds
645,Acajutla,SV,13.5928,-89.8275,78.39,85,100,7.99,moderate rain
646,Jacmel,HT,18.2342,-72.5347,82.24,86,100,6.22,overcast clouds
647,Soyo,AO,-6.1349,12.3689,75.04,89,82,5.35,broken clouds
648,Owando,CG,-0.4819,15.8999,70.29,99,99,2.77,light rain
649,Mufulira,ZM,-12.5498,28.2407,62.87,40,27,6.55,scattered clouds
650,Makubetsu,JP,45.3714,141.8211,60.51,59,75,13.8,broken clouds
651,Tessalit,ML,20.1986,1.0114,80.1,52,87,7.67,overcast clouds
652,Seybaplaya,MX,19.65,-90.6667,76.91,67,99,9.06,overcast clouds
653,Lakes Entrance,AU,-37.8811,147.981,66.16,59,0,5.7,clear sky
654,Bay Roberts,CA,47.5999,-53.2648,55.33,91,100,5.01,overcast clouds
655,Berlevag,NO,70.8578,29.0864,37.35,81,40,4.61,scattered clouds
656,Inta,RU,66.0317,60.1659,39.25,91,100,11.34,overcast clouds
657,Calabozo,VE,8.9242,-67.4293,75.2,91,100,1.88,overcast clouds
658,Hitoyoshi,JP,32.2167,130.75,80.42,54,20,4.41,few clouds
659,Kuzhener,RU,56.8111,48.9128,51.19,94,99,15.14,light rain
660,Puerto Carreno,CO,6.189,-67.4859,78.04,85,100,1.97,overcast clouds
661,Hirara,JP,24.8,125.2833,84.47,79,40,9.22,scattered clouds
662,Mount Gambier,AU,-37.8333,140.7667,67.14,54,100,2.57,overcast clouds
663,Arlit,NE,18.7369,7.3853,89.15,32,5,5.3,clear sky
664,Tonaya,MX,19.7833,-103.9667,72.16,84,100,3.29,overcast clouds
665,Ambilobe,MG,-13.2,49.05,61.88,83,0,4.41,clear sky
666,Beidao,CN,34.5686,105.8933,69.69,77,96,3.38,overcast clouds
667,Naryan-Mar,RU,67.6713,53.087,37.87,97,100,10.07,overcast clouds
668,Whyalla,AU,-33.0333,137.5833,71.46,39,96,6.11,overcast clouds
669,Janakkala,FI,60.9,24.6,38.8,97,34,3.91,scattered clouds
670,Mountain Home,US,43.133,-115.6912,67.48,32,0,3.44,clear sky
671,Waipawa,NZ,-41.4122,175.5153,47.88,98,100,12.03,overcast clouds
672,Oyama,JP,36.3,139.8,77.59,38,26,2.3,scattered clouds
673,Mayumba,GA,-3.432,10.6554,75.36,90,100,6.13,light rain
674,Calama,CL,-22.4667,-68.9333,52.29,7,0,2.3,clear sky
675,Utrecht,NL,52.0,5.25,56.97,94,15,5.01,few clouds
676,Wagar,SD,16.1525,36.2032,85.6,41,1,8.48,clear sky
677,Rio Gallegos,AR,-51.6226,-69.2181,41.05,56,0,11.5,clear sky
678,Tall Kayf,TR,37.0833,41.0667,82.74,22,0,7.74,clear sky
679,Rock Springs,US,41.5875,-109.2029,55.04,60,20,5.75,few clouds
680,Mecca,SA,21.4267,39.8261,80.13,61,0,0.69,clear sky
681,Show Low,US,34.2542,-110.0298,60.08,76,40,0.0,scattered clouds
682,Novoagansk,RU,61.9449,76.6625,27.27,78,80,7.58,broken clouds
683,Chokwe,MZ,-24.5333,32.9833,68.95,79,0,5.3,clear sky
684,Agadez,NE,19.75,10.25,88.25,26,26,10.29,scattered clouds
685,Catuday,PH,16.2923,119.8062,82.6,71,47,4.81,scattered clouds
686,Vao,NC,-22.6667,167.4833,70.45,70,70,5.86,broken clouds
687,Esqueda,MX,30.7167,-109.5833,68.22,51,19,2.35,few clouds
688,Kerman,IR,30.2832,57.0788,55.26,26,0,4.61,clear sky
689,Saint-Francois,FR,46.4154,3.9054,62.04,94,100,3.44,overcast clouds
690,Ust-Karsk,RU,52.7011,118.8077,36.57,50,44,10.92,scattered clouds
691,Tahta,EG,26.7693,31.5021,82.2,33,0,10.76,clear sky
692,Chapais,CA,49.7834,-74.8492,29.98,79,11,6.26,few clouds
693,Nuuk,GL,64.1835,-51.7216,34.93,61,46,7.29,scattered clouds
694,Decatur,US,39.8403,-88.9548,61.88,59,0,10.36,clear sky
695,Requena,ES,39.4883,-1.1004,56.79,47,13,0.65,few clouds
696,Balaipungut,ID,1.05,101.2833,74.26,98,100,3.67,overcast clouds
697,Kawalu,ID,-7.3817,108.2082,75.85,91,96,1.48,overcast clouds
698,Beloha,MG,-25.1667,45.05,66.0,75,0,3.15,clear sky
699,Ampanihy,MG,-24.7,44.75,67.62,54,0,3.8,clear sky
700,Unai,BR,-16.3575,-46.9061,78.51,53,4,0.98,clear sky
701,Entebbe,UG,0.0644,32.4469,66.52,94,20,3.44,mist
